,Degree,Nodes_Number,Average_CT,Average_CCL
0,15,200,0.0017065703868865503,0.000988125801086375
1,15,500,0.022170573472976636,0.003966152667999212
2,15,1000,0.0711848437786102,0.013402730226516661
3,15,2000,0.5163248777389526,0.13358074426651
4,15,3000,5.935166627168655,0.320383757352829
