,Degree,Nodes_Number,Average_CT,Average_CCL
0,6,200,0.0017265478769937666,0.0016083717346190836
1,6,500,0.005255619684855083,0.006135026613871217
2,6,1000,0.017212510108947716,0.017345984776814736
3,6,2000,0.07891352971394852,0.13219896952311191
4,6,3000,1.0266259113947551,0.3812077045440674
