,Degree,Nodes_Number,Average_CT,Average_CCL
0,8,200,0.002448111772537187,0.0010353028774261
1,8,500,0.009802103042602487,0.003689289093017512
2,8,1000,0.0349342823028564,0.012886673212051336
3,8,2000,0.2940591275691986,0.1341561079025268
4,8,3000,6.334440767765045,0.3274971842765808
