,Degree,Nodes_Number,Average_CT,Average_CCL
0,12,200,0.00210165977478025,0.001034617424011175
1,12,500,0.017207413911819413,0.004317700862884488
2,12,1000,0.057480216026306125,0.013304531574249214
3,12,2000,0.31303542852401733,0.13480684161186215
4,12,3000,5.581053763628006,0.3196309506893158
