,Degree,Nodes_Number,Average_CT,Average_CCL
0,10,200,0.0020735263824462375,0.000993698835372875
1,10,500,0.012847006320953338,0.003788620233535725
2,10,1000,0.04186141490936275,0.013020157814025837
3,10,2000,0.26077729463577265,0.13416916131973264
4,10,3000,4.83496829867363,0.3223137855529785
